Date,Region,Product,Channel,Sales Rep,Units Sold,Unit Price (€),Revenue (€)
2024-07-31,Italy,Vaccine,Hospital,Rep E,299,62,18538
2024-09-30,Spain,Painkiller,Hospital,Rep D,67,128,8576
2024-02-29,France,Insulin,Hospital,Rep C,18,83,1494
2024-05-31,Poland,Vaccine,Hospital,Rep C,124,63,7812
2024-04-30,Italy,Painkiller,Pharmacy,Rep C,219,29,6351
2024-02-29,Poland,Supplements,Pharmacy,Rep D,50,88,4400
2024-09-30,Poland,Vaccine,Hospital,Rep A,182,40,7280
2024-09-30,Spain,Insulin,Pharmacy,Rep E,243,144,34992
2024-06-30,Italy,Vaccine,Hospital,Rep C,290,67,19430
2024-11-30,France,Supplements,Hospital,Rep D,87,114,9918
2024-06-30,Spain,Vaccine,Hospital,Rep A,117,19,2223
2024-08-31,France,Insulin,Pharmacy,Rep E,290,19,5510
2024-06-30,Germany,Painkiller,Pharmacy,Rep D,48,48,2304
2024-01-31,Poland,Insulin,Hospital,Rep E,128,46,5888
2024-04-30,Germany,Painkiller,Pharmacy,Rep C,36,128,4608
2024-07-31,Poland,Antibiotic,Pharmacy,Rep A,113,76,8588
2024-02-29,Spain,Insulin,Hospital,Rep D,83,52,4316
2024-09-30,France,Insulin,Pharmacy,Rep A,200,61,12200
2024-08-31,France,Supplements,Pharmacy,Rep C,156,110,17160
2024-08-31,Spain,Vaccine,Hospital,Rep A,264,65,17160
2024-07-31,Italy,Painkiller,Hospital,Rep A,293,85,24905
2024-04-30,Germany,Painkiller,Pharmacy,Rep B,222,77,17094
2024-02-29,Germany,Supplements,Hospital,Rep A,132,146,19272
2024-03-31,France,Supplements,Pharmacy,Rep E,215,115,24725
2024-12-31,France,Vaccine,Hospital,Rep D,249,134,33366
2024-06-30,France,Vaccine,Hospital,Rep B,295,101,29795
2024-12-31,Spain,Insulin,Hospital,Rep D,31,32,992
2024-12-31,Italy,Antibiotic,Hospital,Rep D,268,118,31624
2024-05-31,Germany,Vaccine,Pharmacy,Rep C,114,70,7980
2024-12-31,Poland,Supplements,Hospital,Rep C,267,53,14151
2024-08-31,Spain,Vaccine,Hospital,Rep B,213,25,5325
2024-06-30,Germany,Painkiller,Hospital,Rep C,271,31,8401
2024-06-30,Italy,Antibiotic,Pharmacy,Rep C,116,66,7656
2024-01-31,Spain,Insulin,Pharmacy,Rep C,260,71,18460
2024-04-30,Germany,Painkiller,Hospital,Rep D,230,116,26680
2024-05-31,Spain,Painkiller,Hospital,Rep B,231,80,18480
2024-12-31,Germany,Antibiotic,Hospital,Rep D,267,99,26433
2024-11-30,Germany,Insulin,Hospital,Rep E,210,81,17010
2024-03-31,Italy,Supplements,Hospital,Rep D,267,79,21093
2024-09-30,Poland,Insulin,Hospital,Rep E,234,39,9126
2024-01-31,Italy,Vaccine,Pharmacy,Rep A,211,112,23632
2024-06-30,Germany,Painkiller,Hospital,Rep A,235,41,9635
2024-06-30,Spain,Vaccine,Hospital,Rep E,245,95,23275
2024-10-31,Italy,Supplements,Hospital,Rep E,192,66,12672
2024-05-31,Poland,Vaccine,Hospital,Rep D,209,118,24662
2024-12-31,Germany,Insulin,Hospital,Rep E,255,18,4590
2024-05-31,Italy,Vaccine,Hospital,Rep B,120,40,4800
2024-10-31,Italy,Supplements,Pharmacy,Rep A,15,80,1200
2024-05-31,Italy,Supplements,Pharmacy,Rep A,245,146,35770
2024-06-30,Italy,Supplements,Pharmacy,Rep E,136,22,2992
2024-08-31,Spain,Insulin,Pharmacy,Rep C,113,140,15820
2024-02-29,Poland,Supplements,Pharmacy,Rep C,246,44,10824
2024-06-30,Poland,Painkiller,Pharmacy,Rep E,164,30,4920
2024-01-31,Germany,Supplements,Hospital,Rep B,266,73,19418
2024-04-30,France,Vaccine,Hospital,Rep C,244,104,25376
2024-10-31,Spain,Vaccine,Hospital,Rep E,298,43,12814
2024-03-31,Germany,Vaccine,Hospital,Rep B,49,130,6370
2024-09-30,Germany,Insulin,Hospital,Rep B,297,24,7128
2024-03-31,Italy,Vaccine,Hospital,Rep D,206,129,26574
2024-06-30,France,Insulin,Pharmacy,Rep B,282,105,29610
2024-01-31,France,Insulin,Hospital,Rep C,273,15,4095
2024-12-31,Spain,Supplements,Pharmacy,Rep C,66,118,7788
2024-06-30,France,Painkiller,Pharmacy,Rep E,107,106,11342
2024-04-30,Germany,Supplements,Hospital,Rep E,146,41,5986
2024-08-31,France,Supplements,Hospital,Rep B,96,92,8832
2024-11-30,France,Insulin,Hospital,Rep A,251,127,31877
2024-09-30,Poland,Insulin,Hospital,Rep D,208,88,18304
2024-04-30,Germany,Vaccine,Hospital,Rep A,93,87,8091
2024-10-31,France,Vaccine,Hospital,Rep B,251,116,29116
2024-12-31,France,Supplements,Hospital,Rep B,290,135,39150
2024-10-31,Italy,Antibiotic,Pharmacy,Rep A,261,24,6264
2024-06-30,France,Antibiotic,Hospital,Rep D,199,143,28457
2024-01-31,France,Vaccine,Hospital,Rep A,161,82,13202
2024-04-30,Poland,Antibiotic,Pharmacy,Rep E,287,110,31570
2024-07-31,Germany,Vaccine,Hospital,Rep C,148,107,15836
2024-12-31,Spain,Insulin,Hospital,Rep E,185,35,6475
2024-01-31,Germany,Supplements,Pharmacy,Rep C,17,101,1717
2024-08-31,Italy,Painkiller,Hospital,Rep B,244,134,32696
2024-12-31,Germany,Supplements,Hospital,Rep D,172,82,14104
2024-10-31,France,Vaccine,Hospital,Rep A,58,132,7656
2024-12-31,Italy,Vaccine,Hospital,Rep D,47,62,2914
2024-11-30,Germany,Supplements,Hospital,Rep A,145,87,12615
2024-06-30,Italy,Vaccine,Hospital,Rep E,228,101,23028
2024-05-31,Spain,Antibiotic,Pharmacy,Rep E,43,97,4171
2024-10-31,Germany,Antibiotic,Hospital,Rep A,88,22,1936
2024-11-30,France,Vaccine,Hospital,Rep D,245,52,12740
2024-09-30,Italy,Vaccine,Pharmacy,Rep A,282,85,23970
2024-02-29,Poland,Antibiotic,Pharmacy,Rep B,170,60,10200
2024-05-31,Italy,Vaccine,Hospital,Rep E,184,28,5152
2024-06-30,Poland,Vaccine,Pharmacy,Rep B,230,131,30130
2024-07-31,France,Supplements,Hospital,Rep E,18,33,594
2024-05-31,Spain,Painkiller,Hospital,Rep E,298,35,10430
2024-09-30,Poland,Antibiotic,Pharmacy,Rep C,122,129,15738
2024-01-31,Spain,Supplements,Hospital,Rep B,214,91,19474
2024-07-31,Italy,Painkiller,Hospital,Rep B,195,109,21255
2024-10-31,France,Vaccine,Pharmacy,Rep C,206,26,5356
2024-07-31,Poland,Vaccine,Pharmacy,Rep D,275,77,21175
2024-04-30,Italy,Supplements,Pharmacy,Rep B,271,53,14363
2024-09-30,Germany,Vaccine,Pharmacy,Rep A,257,70,17990
2024-12-31,Italy,Insulin,Hospital,Rep C,124,132,16368
2024-11-30,Spain,Supplements,Pharmacy,Rep B,130,102,13260
2024-05-31,France,Painkiller,Pharmacy,Rep D,150,83,12450
2024-04-30,France,Supplements,Pharmacy,Rep B,74,76,5624
2024-07-31,Italy,Antibiotic,Pharmacy,Rep E,285,120,34200
2024-04-30,Germany,Supplements,Pharmacy,Rep A,248,11,2728
2024-03-31,Spain,Vaccine,Hospital,Rep C,19,98,1862
2024-09-30,Italy,Vaccine,Pharmacy,Rep E,242,35,8470
2024-11-30,Italy,Insulin,Hospital,Rep D,204,108,22032
2024-08-31,France,Insulin,Pharmacy,Rep E,21,36,756
2024-01-31,Spain,Insulin,Pharmacy,Rep E,186,98,18228
2024-07-31,Germany,Painkiller,Pharmacy,Rep D,186,10,1860
2024-09-30,France,Insulin,Pharmacy,Rep E,226,112,25312
2024-08-31,Italy,Painkiller,Pharmacy,Rep C,20,140,2800
2024-08-31,France,Insulin,Pharmacy,Rep B,127,50,6350
2024-06-30,France,Painkiller,Pharmacy,Rep E,173,60,10380
2024-11-30,Poland,Supplements,Pharmacy,Rep C,48,24,1152
2024-04-30,France,Supplements,Hospital,Rep B,62,17,1054
2024-08-31,France,Vaccine,Pharmacy,Rep B,227,47,10669
2024-03-31,Spain,Painkiller,Hospital,Rep E,215,123,26445
2024-09-30,France,Antibiotic,Pharmacy,Rep C,65,92,5980
2024-02-29,Germany,Vaccine,Hospital,Rep E,127,65,8255
2024-02-29,Italy,Supplements,Pharmacy,Rep D,262,112,29344
2024-12-31,Spain,Painkiller,Pharmacy,Rep B,295,147,43365
2024-12-31,France,Insulin,Pharmacy,Rep E,277,111,30747
2024-07-31,Germany,Antibiotic,Hospital,Rep B,189,87,16443
2024-12-31,Italy,Supplements,Hospital,Rep C,244,92,22448
2024-10-31,Spain,Vaccine,Hospital,Rep A,205,39,7995
2024-04-30,Germany,Painkiller,Hospital,Rep E,89,14,1246
2024-10-31,France,Antibiotic,Pharmacy,Rep E,144,128,18432
2024-08-31,Poland,Painkiller,Pharmacy,Rep B,31,40,1240
2024-09-30,Poland,Insulin,Pharmacy,Rep C,234,32,7488
2024-07-31,Spain,Vaccine,Hospital,Rep D,67,57,3819
2024-05-31,Germany,Painkiller,Pharmacy,Rep C,102,118,12036
2024-08-31,Italy,Supplements,Hospital,Rep E,201,49,9849
2024-04-30,Germany,Vaccine,Hospital,Rep D,112,15,1680
2024-02-29,Poland,Supplements,Hospital,Rep C,16,47,752
2024-11-30,Spain,Painkiller,Hospital,Rep A,137,109,14933
2024-12-31,France,Vaccine,Hospital,Rep B,64,36,2304
2024-06-30,Germany,Supplements,Pharmacy,Rep C,240,78,18720
2024-09-30,Poland,Insulin,Hospital,Rep C,71,66,4686
2024-01-31,Italy,Insulin,Hospital,Rep A,249,26,6474
2024-11-30,Spain,Painkiller,Pharmacy,Rep E,99,80,7920
2024-10-31,France,Vaccine,Hospital,Rep B,241,56,13496
2024-12-31,Germany,Antibiotic,Hospital,Rep C,242,88,21296
2024-07-31,Italy,Vaccine,Pharmacy,Rep D,161,119,19159
2024-10-31,France,Insulin,Pharmacy,Rep C,154,22,3388
2024-09-30,Poland,Supplements,Pharmacy,Rep B,139,148,20572
2024-10-31,Poland,Antibiotic,Hospital,Rep C,150,133,19950
2024-09-30,Italy,Painkiller,Pharmacy,Rep A,102,118,12036
2024-10-31,Poland,Antibiotic,Pharmacy,Rep C,123,99,12177
2024-11-30,Spain,Painkiller,Pharmacy,Rep C,293,95,27835
2024-03-31,Italy,Antibiotic,Hospital,Rep D,152,101,15352
2024-11-30,Poland,Painkiller,Pharmacy,Rep A,232,33,7656
2024-05-31,Germany,Painkiller,Hospital,Rep A,241,82,19762
2024-08-31,Poland,Antibiotic,Hospital,Rep C,42,13,546
2024-08-31,Spain,Antibiotic,Pharmacy,Rep D,285,122,34770
2024-04-30,France,Painkiller,Hospital,Rep C,179,55,9845
2024-12-31,France,Insulin,Hospital,Rep C,149,27,4023
2024-11-30,Poland,Antibiotic,Pharmacy,Rep B,210,52,10920
2024-11-30,France,Vaccine,Hospital,Rep B,32,102,3264
2024-01-31,Poland,Supplements,Pharmacy,Rep D,233,112,26096
2024-01-31,Spain,Painkiller,Hospital,Rep E,279,133,37107
2024-04-30,France,Painkiller,Hospital,Rep B,162,19,3078
2024-06-30,Germany,Supplements,Pharmacy,Rep E,94,82,7708
2024-08-31,Poland,Insulin,Pharmacy,Rep A,118,40,4720
2024-06-30,France,Supplements,Hospital,Rep B,40,69,2760
2024-12-31,Spain,Antibiotic,Hospital,Rep B,238,140,33320
2024-09-30,Spain,Supplements,Pharmacy,Rep D,249,127,31623
2024-09-30,Germany,Painkiller,Hospital,Rep E,150,23,3450
2024-02-29,Spain,Supplements,Hospital,Rep B,165,11,1815
2024-10-31,Spain,Vaccine,Hospital,Rep B,108,33,3564
2024-01-31,France,Antibiotic,Hospital,Rep D,56,73,4088
2024-02-29,Poland,Supplements,Pharmacy,Rep D,76,109,8284
2024-05-31,Italy,Painkiller,Pharmacy,Rep E,71,123,8733
2024-04-30,Spain,Antibiotic,Pharmacy,Rep A,118,33,3894
2024-04-30,Spain,Painkiller,Pharmacy,Rep A,176,100,17600
2024-09-30,Italy,Insulin,Pharmacy,Rep C,46,35,1610
2024-11-30,Spain,Vaccine,Pharmacy,Rep B,128,74,9472
2024-08-31,France,Insulin,Hospital,Rep E,95,129,12255
2024-06-30,France,Vaccine,Pharmacy,Rep B,61,13,793
2024-01-31,Italy,Supplements,Hospital,Rep E,100,10,1000
2024-02-29,Spain,Antibiotic,Hospital,Rep E,298,59,17582
2024-06-30,Spain,Supplements,Hospital,Rep E,213,119,25347
2024-11-30,Poland,Vaccine,Pharmacy,Rep B,247,148,36556
2024-02-29,Spain,Vaccine,Hospital,Rep D,164,83,13612
2024-10-31,France,Vaccine,Pharmacy,Rep B,249,71,17679
2024-05-31,Germany,Painkiller,Hospital,Rep E,145,90,13050
2024-05-31,Germany,Antibiotic,Hospital,Rep C,73,65,4745
2024-06-30,Germany,Supplements,Pharmacy,Rep A,132,120,15840
2024-06-30,Germany,Supplements,Hospital,Rep E,263,30,7890
2024-06-30,Spain,Insulin,Hospital,Rep C,123,18,2214
2024-02-29,Spain,Vaccine,Hospital,Rep D,29,148,4292
2024-10-31,Poland,Vaccine,Hospital,Rep E,25,79,1975
2024-03-31,Spain,Vaccine,Pharmacy,Rep C,154,138,21252
2024-06-30,Germany,Supplements,Hospital,Rep E,217,127,27559
2024-08-31,Italy,Insulin,Hospital,Rep B,28,65,1820
2024-12-31,Italy,Painkiller,Pharmacy,Rep C,175,40,7000
2024-11-30,France,Antibiotic,Hospital,Rep B,47,46,2162
2024-12-31,France,Painkiller,Hospital,Rep B,190,100,19000
2024-01-31,Spain,Supplements,Hospital,Rep C,114,123,14022
2024-01-31,Italy,Vaccine,Hospital,Rep A,109,137,14933
2024-11-30,Germany,Antibiotic,Pharmacy,Rep C,99,131,12969
2024-02-29,Germany,Supplements,Hospital,Rep A,88,78,6864
2024-11-30,Germany,Supplements,Pharmacy,Rep E,82,45,3690
2024-12-31,Spain,Supplements,Hospital,Rep E,185,41,7585
2024-12-31,Spain,Antibiotic,Hospital,Rep C,105,73,7665
2024-06-30,Poland,Antibiotic,Hospital,Rep E,112,57,6384
2024-09-30,Germany,Insulin,Pharmacy,Rep D,233,90,20970
2024-04-30,Germany,Insulin,Hospital,Rep B,15,69,1035
2024-03-31,Spain,Painkiller,Hospital,Rep B,131,10,1310
2024-12-31,Spain,Antibiotic,Pharmacy,Rep A,245,74,18130
2024-08-31,Poland,Antibiotic,Pharmacy,Rep E,125,42,5250
2024-11-30,Poland,Antibiotic,Pharmacy,Rep A,172,47,8084
2024-10-31,France,Insulin,Pharmacy,Rep B,235,34,7990
2024-09-30,Italy,Supplements,Hospital,Rep B,239,68,16252
2024-12-31,Germany,Vaccine,Hospital,Rep E,191,110,21010
2024-11-30,Germany,Insulin,Hospital,Rep D,258,136,35088
2024-05-31,Poland,Antibiotic,Hospital,Rep D,219,50,10950
2024-09-30,Poland,Insulin,Pharmacy,Rep E,153,66,10098
2024-02-29,France,Painkiller,Hospital,Rep E,105,57,5985
2024-03-31,Italy,Antibiotic,Hospital,Rep A,253,81,20493
2024-07-31,France,Painkiller,Hospital,Rep E,95,65,6175
2024-07-31,Italy,Antibiotic,Hospital,Rep D,193,74,14282
2024-06-30,Germany,Insulin,Pharmacy,Rep E,130,21,2730
2024-06-30,France,Supplements,Hospital,Rep A,101,78,7878
2024-02-29,Poland,Vaccine,Hospital,Rep A,79,143,11297
2024-10-31,France,Painkiller,Hospital,Rep A,142,98,13916
2024-06-30,France,Insulin,Pharmacy,Rep A,288,34,9792
2024-04-30,Germany,Supplements,Pharmacy,Rep C,146,10,1460
2024-12-31,Poland,Insulin,Hospital,Rep E,196,140,27440
2024-03-31,Poland,Painkiller,Hospital,Rep B,230,58,13340
2024-11-30,Spain,Vaccine,Hospital,Rep E,55,69,3795
2024-02-29,Spain,Insulin,Pharmacy,Rep C,287,11,3157
2024-01-31,Spain,Antibiotic,Hospital,Rep A,201,82,16482
2024-11-30,Germany,Supplements,Hospital,Rep C,17,119,2023
2024-11-30,France,Insulin,Hospital,Rep D,285,70,19950
2024-05-31,Poland,Supplements,Pharmacy,Rep D,188,26,4888
2024-02-29,Poland,Antibiotic,Hospital,Rep E,48,58,2784
2024-02-29,France,Vaccine,Hospital,Rep E,187,85,15895
2024-07-31,Poland,Vaccine,Pharmacy,Rep B,171,140,23940
2024-08-31,France,Antibiotic,Pharmacy,Rep B,113,52,5876
2024-10-31,Germany,Supplements,Hospital,Rep D,170,66,11220
2024-08-31,Germany,Insulin,Pharmacy,Rep A,296,59,17464
2024-04-30,Germany,Antibiotic,Hospital,Rep C,132,46,6072
2024-01-31,France,Painkiller,Pharmacy,Rep B,63,55,3465
2024-11-30,France,Supplements,Pharmacy,Rep B,43,24,1032
2024-07-31,Italy,Vaccine,Hospital,Rep A,251,89,22339
2024-01-31,Poland,Antibiotic,Hospital,Rep A,122,148,18056
2024-11-30,Poland,Vaccine,Hospital,Rep E,32,33,1056
2024-04-30,Italy,Supplements,Pharmacy,Rep C,55,134,7370
2024-08-31,Italy,Vaccine,Hospital,Rep A,144,127,18288
2024-02-29,Germany,Antibiotic,Hospital,Rep B,127,89,11303
2024-06-30,Italy,Supplements,Hospital,Rep B,198,103,20394
2024-06-30,France,Painkiller,Hospital,Rep D,140,74,10360
2024-12-31,Spain,Antibiotic,Hospital,Rep A,221,97,21437
2024-09-30,France,Insulin,Pharmacy,Rep E,122,97,11834
2024-05-31,Italy,Antibiotic,Hospital,Rep C,53,135,7155
2024-10-31,Poland,Supplements,Hospital,Rep E,137,98,13426
2024-04-30,France,Antibiotic,Pharmacy,Rep B,167,70,11690
2024-05-31,Poland,Painkiller,Hospital,Rep E,282,24,6768
2024-12-31,France,Painkiller,Hospital,Rep B,54,103,5562
2024-12-31,Poland,Insulin,Hospital,Rep B,117,60,7020
2024-10-31,France,Vaccine,Hospital,Rep B,228,36,8208
2024-11-30,Poland,Supplements,Hospital,Rep B,186,83,15438
2024-05-31,Spain,Supplements,Pharmacy,Rep B,237,70,16590
2024-08-31,Germany,Vaccine,Pharmacy,Rep D,200,40,8000
2024-10-31,France,Painkiller,Pharmacy,Rep E,169,21,3549
2024-12-31,Spain,Painkiller,Hospital,Rep D,276,55,15180
2024-08-31,Germany,Antibiotic,Pharmacy,Rep D,199,41,8159
2024-02-29,France,Insulin,Hospital,Rep A,184,70,12880
2024-07-31,Spain,Insulin,Hospital,Rep A,299,55,16445
2024-08-31,Spain,Insulin,Hospital,Rep A,154,94,14476
2024-11-30,Spain,Antibiotic,Pharmacy,Rep C,241,89,21449
2024-06-30,Italy,Insulin,Pharmacy,Rep A,213,144,30672
2024-05-31,Poland,Vaccine,Pharmacy,Rep E,222,13,2886
2024-11-30,Germany,Antibiotic,Hospital,Rep D,49,61,2989
2024-09-30,Poland,Vaccine,Pharmacy,Rep E,284,121,34364
2024-03-31,Poland,Antibiotic,Hospital,Rep A,91,45,4095
2024-12-31,Poland,Insulin,Pharmacy,Rep C,190,63,11970
2024-10-31,Spain,Vaccine,Pharmacy,Rep C,92,128,11776
2024-04-30,Poland,Vaccine,Hospital,Rep D,271,136,36856
2024-09-30,Italy,Vaccine,Hospital,Rep E,281,26,7306
2024-06-30,France,Antibiotic,Pharmacy,Rep B,209,84,17556
2024-08-31,Spain,Supplements,Pharmacy,Rep E,249,114,28386
2024-07-31,Germany,Insulin,Pharmacy,Rep A,189,126,23814
2024-11-30,France,Vaccine,Hospital,Rep B,180,52,9360
2024-02-29,France,Supplements,Hospital,Rep C,186,121,22506
2024-03-31,France,Insulin,Pharmacy,Rep D,246,124,30504
2024-01-31,Poland,Insulin,Pharmacy,Rep D,147,36,5292
2024-09-30,Poland,Vaccine,Hospital,Rep C,138,46,6348
2024-07-31,Spain,Vaccine,Pharmacy,Rep A,58,55,3190
2024-01-31,Poland,Antibiotic,Hospital,Rep C,173,122,21106
2024-03-31,Poland,Supplements,Hospital,Rep A,286,44,12584
2024-04-30,Poland,Supplements,Hospital,Rep B,125,141,17625
2024-04-30,Spain,Vaccine,Hospital,Rep C,33,89,2937
2024-05-31,Spain,Insulin,Hospital,Rep A,34,89,3026
2024-03-31,Italy,Vaccine,Hospital,Rep B,136,130,17680
2024-03-31,Italy,Insulin,Pharmacy,Rep C,243,131,31833
2024-01-31,Italy,Insulin,Hospital,Rep D,218,90,19620
2024-07-31,Italy,Vaccine,Hospital,Rep C,102,128,13056
2024-11-30,France,Painkiller,Pharmacy,Rep E,103,67,6901
2024-10-31,France,Supplements,Hospital,Rep C,234,72,16848
2024-01-31,Italy,Insulin,Pharmacy,Rep E,289,109,31501
2024-02-29,Italy,Insulin,Hospital,Rep B,20,75,1500
2024-04-30,Germany,Painkiller,Pharmacy,Rep C,21,94,1974
2024-04-30,France,Antibiotic,Pharmacy,Rep B,44,146,6424
2024-05-31,Germany,Painkiller,Hospital,Rep B,237,132,31284
2024-11-30,Germany,Painkiller,Hospital,Rep A,229,11,2519
2024-02-29,Poland,Insulin,Hospital,Rep B,150,115,17250
2024-04-30,Spain,Supplements,Hospital,Rep B,32,117,3744
2024-01-31,France,Painkiller,Pharmacy,Rep C,92,81,7452
2024-02-29,Italy,Antibiotic,Pharmacy,Rep C,238,135,32130
2024-01-31,Italy,Vaccine,Pharmacy,Rep D,89,66,5874
2024-10-31,Spain,Painkiller,Hospital,Rep A,299,90,26910
2024-10-31,France,Painkiller,Pharmacy,Rep B,168,28,4704
2024-04-30,Italy,Antibiotic,Hospital,Rep A,137,16,2192
2024-04-30,Italy,Supplements,Hospital,Rep E,199,146,29054
2024-07-31,Poland,Painkiller,Pharmacy,Rep B,40,63,2520
2024-10-31,Germany,Painkiller,Hospital,Rep A,24,113,2712
2024-11-30,Italy,Supplements,Pharmacy,Rep D,84,95,7980
2024-11-30,France,Antibiotic,Hospital,Rep D,43,91,3913
2024-09-30,Spain,Painkiller,Pharmacy,Rep B,205,70,14350
2024-09-30,Poland,Supplements,Hospital,Rep E,38,96,3648
2024-05-31,France,Painkiller,Pharmacy,Rep D,203,11,2233
2024-10-31,Poland,Vaccine,Pharmacy,Rep D,25,40,1000
2024-01-31,Germany,Insulin,Hospital,Rep E,86,42,3612
2024-01-31,Italy,Vaccine,Hospital,Rep A,90,89,8010
2024-06-30,France,Painkiller,Pharmacy,Rep D,133,20,2660
2024-02-29,Spain,Antibiotic,Hospital,Rep C,28,137,3836
2024-08-31,Germany,Insulin,Hospital,Rep D,111,144,15984
2024-09-30,Germany,Vaccine,Hospital,Rep A,86,137,11782
2024-04-30,Poland,Supplements,Pharmacy,Rep A,238,40,9520
2024-05-31,Germany,Antibiotic,Pharmacy,Rep B,212,135,28620
2024-11-30,France,Vaccine,Hospital,Rep C,70,56,3920
2024-08-31,Poland,Supplements,Hospital,Rep A,35,116,4060
2024-03-31,Germany,Painkiller,Pharmacy,Rep E,80,28,2240
2024-05-31,Spain,Supplements,Hospital,Rep C,112,90,10080
2024-03-31,France,Vaccine,Pharmacy,Rep C,166,132,21912
2024-12-31,Spain,Vaccine,Hospital,Rep E,203,143,29029
2024-10-31,Spain,Painkiller,Hospital,Rep D,284,116,32944
2024-03-31,Poland,Supplements,Hospital,Rep E,195,58,11310
2024-03-31,Italy,Supplements,Pharmacy,Rep E,122,82,10004
2024-12-31,Poland,Painkiller,Pharmacy,Rep D,174,59,10266
2024-07-31,France,Supplements,Pharmacy,Rep D,70,90,6300
2024-07-31,France,Painkiller,Pharmacy,Rep D,101,104,10504
2024-07-31,Poland,Antibiotic,Hospital,Rep D,295,21,6195
2024-10-31,Italy,Vaccine,Hospital,Rep D,162,32,5184
2024-08-31,Poland,Antibiotic,Pharmacy,Rep E,234,63,14742
2024-05-31,France,Insulin,Hospital,Rep B,136,127,17272
2024-05-31,Italy,Insulin,Hospital,Rep B,202,68,13736
2024-04-30,France,Insulin,Pharmacy,Rep A,124,12,1488
2024-07-31,Italy,Painkiller,Hospital,Rep B,271,67,18157
2024-10-31,Italy,Supplements,Hospital,Rep B,27,66,1782
2024-04-30,Poland,Antibiotic,Pharmacy,Rep E,19,99,1881
2024-02-29,Poland,Antibiotic,Hospital,Rep D,101,64,6464
2024-04-30,Poland,Antibiotic,Hospital,Rep D,148,54,7992
2024-08-31,Italy,Antibiotic,Hospital,Rep E,61,10,610
2024-09-30,Italy,Insulin,Pharmacy,Rep B,204,30,6120
2024-03-31,France,Antibiotic,Pharmacy,Rep E,215,30,6450
2024-07-31,Spain,Supplements,Hospital,Rep A,296,61,18056
2024-12-31,Poland,Insulin,Hospital,Rep D,102,91,9282
2024-09-30,France,Antibiotic,Hospital,Rep C,154,76,11704
2024-11-30,France,Painkiller,Pharmacy,Rep A,95,122,11590
2024-04-30,Germany,Vaccine,Pharmacy,Rep A,162,53,8586
2024-10-31,Poland,Vaccine,Pharmacy,Rep E,11,19,209
2024-03-31,France,Vaccine,Hospital,Rep B,269,73,19637
2024-05-31,Germany,Insulin,Hospital,Rep D,173,78,13494
2024-01-31,Poland,Antibiotic,Hospital,Rep C,15,77,1155
2024-03-31,Italy,Insulin,Hospital,Rep A,158,37,5846
2024-08-31,Germany,Supplements,Hospital,Rep C,214,125,26750
2024-11-30,Italy,Painkiller,Pharmacy,Rep B,127,60,7620
2024-08-31,Spain,Painkiller,Hospital,Rep B,98,13,1274
2024-04-30,Spain,Vaccine,Hospital,Rep C,163,88,14344
2024-02-29,Spain,Vaccine,Hospital,Rep D,176,26,4576
2024-08-31,Spain,Vaccine,Pharmacy,Rep B,170,117,19890
2024-08-31,France,Antibiotic,Hospital,Rep C,279,83,23157
2024-10-31,Spain,Supplements,Pharmacy,Rep A,65,32,2080
2024-04-30,France,Supplements,Pharmacy,Rep C,237,27,6399
2024-03-31,France,Supplements,Pharmacy,Rep C,158,138,21804
2024-02-29,Poland,Supplements,Pharmacy,Rep E,55,44,2420
2024-09-30,France,Vaccine,Pharmacy,Rep B,153,73,11169
2024-01-31,France,Painkiller,Hospital,Rep D,247,68,16796
2024-07-31,Spain,Vaccine,Hospital,Rep D,281,10,2810
2024-05-31,France,Supplements,Pharmacy,Rep E,129,140,18060
2024-08-31,Italy,Vaccine,Pharmacy,Rep D,229,76,17404
2024-04-30,Spain,Supplements,Pharmacy,Rep C,17,46,782
2024-07-31,Germany,Insulin,Hospital,Rep E,284,38,10792
2024-05-31,Spain,Painkiller,Hospital,Rep A,75,98,7350
2024-05-31,France,Insulin,Pharmacy,Rep B,88,109,9592
2024-09-30,Italy,Antibiotic,Hospital,Rep B,95,131,12445
2024-09-30,Spain,Vaccine,Hospital,Rep B,133,99,13167
2024-09-30,Italy,Antibiotic,Pharmacy,Rep C,211,141,29751
2024-12-31,Germany,Vaccine,Pharmacy,Rep A,159,23,3657
2024-06-30,Germany,Insulin,Hospital,Rep E,55,140,7700
2024-06-30,Poland,Supplements,Hospital,Rep E,122,94,11468
2024-05-31,Poland,Supplements,Hospital,Rep B,100,30,3000
2024-09-30,Spain,Vaccine,Pharmacy,Rep A,150,35,5250
2024-10-31,Poland,Supplements,Pharmacy,Rep A,298,50,14900
2024-08-31,Italy,Insulin,Pharmacy,Rep A,227,131,29737
2024-07-31,Poland,Supplements,Hospital,Rep D,86,47,4042
2024-07-31,Italy,Insulin,Hospital,Rep D,161,97,15617
2024-06-30,Poland,Antibiotic,Pharmacy,Rep B,248,20,4960
2024-05-31,Poland,Insulin,Hospital,Rep A,124,38,4712
2024-04-30,Poland,Painkiller,Pharmacy,Rep A,103,69,7107
2024-03-31,France,Painkiller,Hospital,Rep E,57,70,3990
2024-03-31,France,Painkiller,Pharmacy,Rep E,200,31,6200
2024-06-30,Poland,Vaccine,Hospital,Rep B,21,87,1827
2024-04-30,Italy,Vaccine,Hospital,Rep A,165,122,20130
2024-12-31,Spain,Vaccine,Pharmacy,Rep B,181,132,23892
2024-12-31,Germany,Insulin,Pharmacy,Rep E,186,53,9858
2024-06-30,France,Vaccine,Pharmacy,Rep E,66,106,6996
2024-03-31,Poland,Antibiotic,Pharmacy,Rep D,212,86,18232
2024-04-30,Germany,Painkiller,Pharmacy,Rep B,194,149,28906
2024-09-30,France,Insulin,Hospital,Rep B,130,64,8320
2024-05-31,Spain,Painkiller,Pharmacy,Rep A,235,60,14100
2024-07-31,Italy,Vaccine,Pharmacy,Rep A,211,111,23421
2024-10-31,Poland,Insulin,Pharmacy,Rep D,225,38,8550
2024-02-29,Spain,Supplements,Pharmacy,Rep C,52,78,4056
2024-05-31,France,Antibiotic,Pharmacy,Rep C,32,89,2848
2024-09-30,Poland,Vaccine,Hospital,Rep C,164,40,6560
2024-11-30,Germany,Vaccine,Pharmacy,Rep B,195,121,23595
2024-03-31,Italy,Antibiotic,Pharmacy,Rep B,258,55,14190
2024-09-30,France,Antibiotic,Pharmacy,Rep E,246,106,26076
2024-11-30,Italy,Supplements,Hospital,Rep B,143,61,8723
2024-06-30,Poland,Vaccine,Hospital,Rep B,31,147,4557
2024-04-30,Spain,Vaccine,Pharmacy,Rep B,97,83,8051
2024-07-31,Italy,Painkiller,Pharmacy,Rep D,162,50,8100
2024-08-31,Germany,Insulin,Hospital,Rep B,134,86,11524
2024-06-30,France,Insulin,Hospital,Rep A,88,140,12320
2024-05-31,Germany,Painkiller,Hospital,Rep A,60,123,7380
2024-06-30,Italy,Insulin,Pharmacy,Rep E,225,61,13725
2024-05-31,Spain,Antibiotic,Pharmacy,Rep D,185,96,17760
2024-08-31,Spain,Insulin,Hospital,Rep A,262,118,30916
2024-01-31,Germany,Insulin,Pharmacy,Rep D,255,78,19890
2024-11-30,Poland,Painkiller,Hospital,Rep D,236,129,30444
2024-07-31,Poland,Supplements,Hospital,Rep E,115,76,8740
2024-10-31,Spain,Insulin,Hospital,Rep D,202,70,14140
2024-10-31,Germany,Insulin,Pharmacy,Rep B,45,80,3600
2024-11-30,Germany,Supplements,Hospital,Rep D,213,39,8307
2024-02-29,Germany,Painkiller,Hospital,Rep E,276,105,28980
2024-09-30,Italy,Supplements,Pharmacy,Rep E,277,65,18005
2024-01-31,Poland,Painkiller,Hospital,Rep E,179,62,11098
2024-11-30,Poland,Antibiotic,Pharmacy,Rep A,48,16,768
2024-10-31,Italy,Painkiller,Hospital,Rep B,148,106,15688
2024-06-30,France,Antibiotic,Pharmacy,Rep A,61,122,7442
2024-09-30,Italy,Antibiotic,Hospital,Rep C,296,134,39664
2024-01-31,Germany,Painkiller,Hospital,Rep B,298,141,42018
2024-04-30,Italy,Vaccine,Hospital,Rep D,150,130,19500
2024-04-30,Germany,Painkiller,Hospital,Rep E,155,47,7285
2024-09-30,Spain,Insulin,Hospital,Rep C,193,131,25283
2024-11-30,Germany,Insulin,Pharmacy,Rep B,161,35,5635
2024-05-31,Poland,Vaccine,Pharmacy,Rep A,210,138,28980
2024-05-31,Italy,Antibiotic,Hospital,Rep E,137,13,1781
2024-06-30,Germany,Vaccine,Hospital,Rep A,296,48,14208
2024-01-31,France,Insulin,Hospital,Rep B,262,63,16506
2024-01-31,Spain,Vaccine,Pharmacy,Rep B,275,42,11550
2024-09-30,France,Painkiller,Pharmacy,Rep C,197,29,5713
2024-03-31,France,Vaccine,Hospital,Rep D,239,25,5975
2024-04-30,France,Antibiotic,Pharmacy,Rep A,280,136,38080
2024-01-31,Spain,Painkiller,Hospital,Rep C,268,96,25728
2024-09-30,Spain,Supplements,Hospital,Rep E,207,91,18837
2024-08-31,Spain,Insulin,Hospital,Rep D,65,71,4615
2024-02-29,Spain,Insulin,Pharmacy,Rep C,212,40,8480
2024-08-31,France,Vaccine,Hospital,Rep A,280,51,14280
2024-07-31,Poland,Painkiller,Hospital,Rep B,118,21,2478
2024-11-30,Poland,Supplements,Hospital,Rep E,125,74,9250
2024-06-30,Spain,Painkiller,Pharmacy,Rep A,101,82,8282
2024-01-31,Italy,Insulin,Pharmacy,Rep D,147,140,20580
2024-07-31,Germany,Painkiller,Pharmacy,Rep D,66,124,8184
2024-10-31,Italy,Supplements,Hospital,Rep B,59,146,8614
2024-07-31,Italy,Vaccine,Pharmacy,Rep B,80,115,9200
2024-09-30,Italy,Antibiotic,Hospital,Rep E,91,25,2275
2024-01-31,Poland,Painkiller,Pharmacy,Rep E,114,87,9918
2024-02-29,Germany,Antibiotic,Hospital,Rep B,97,134,12998
2024-11-30,Italy,Insulin,Pharmacy,Rep B,11,140,1540
2024-09-30,Spain,Vaccine,Hospital,Rep D,93,139,12927
2024-09-30,Poland,Vaccine,Pharmacy,Rep B,52,121,6292
2024-06-30,Spain,Painkiller,Pharmacy,Rep C,163,136,22168
2024-06-30,Spain,Vaccine,Pharmacy,Rep A,103,30,3090
2024-04-30,Italy,Painkiller,Hospital,Rep B,142,98,13916
2024-04-30,Spain,Painkiller,Pharmacy,Rep E,74,56,4144
2024-05-31,Germany,Antibiotic,Pharmacy,Rep C,299,94,28106
2024-03-31,Spain,Vaccine,Pharmacy,Rep E,266,137,36442
2024-01-31,Italy,Painkiller,Pharmacy,Rep C,222,81,17982
2024-01-31,Spain,Antibiotic,Hospital,Rep B,157,51,8007
2024-12-31,Poland,Supplements,Pharmacy,Rep A,70,18,1260
2024-07-31,Poland,Antibiotic,Hospital,Rep E,158,34,5372
2024-01-31,Poland,Antibiotic,Hospital,Rep C,97,11,1067
2024-01-31,France,Painkiller,Hospital,Rep D,287,28,8036
2024-03-31,Poland,Insulin,Hospital,Rep B,91,29,2639
2024-10-31,Poland,Insulin,Pharmacy,Rep A,138,79,10902
2024-04-30,France,Insulin,Hospital,Rep B,295,26,7670
2024-04-30,Poland,Antibiotic,Hospital,Rep D,289,133,38437
2024-02-29,Italy,Painkiller,Hospital,Rep A,279,98,27342
2024-01-31,Poland,Vaccine,Hospital,Rep D,212,103,21836
2024-03-31,Poland,Antibiotic,Pharmacy,Rep B,33,93,3069
2024-11-30,France,Antibiotic,Pharmacy,Rep C,217,140,30380
2024-04-30,Italy,Painkiller,Hospital,Rep B,289,96,27744
2024-03-31,Spain,Supplements,Hospital,Rep B,214,60,12840
2024-08-31,Germany,Antibiotic,Hospital,Rep B,161,91,14651
2024-10-31,Italy,Supplements,Pharmacy,Rep E,35,17,595
2024-01-31,Spain,Supplements,Pharmacy,Rep D,203,130,26390
2024-02-29,Italy,Insulin,Pharmacy,Rep D,247,13,3211
2024-07-31,Spain,Painkiller,Pharmacy,Rep D,84,95,7980
2024-04-30,Spain,Supplements,Pharmacy,Rep E,172,137,23564
2024-08-31,Italy,Painkiller,Hospital,Rep C,38,119,4522
2024-11-30,France,Insulin,Pharmacy,Rep B,174,108,18792
2024-03-31,Italy,Painkiller,Pharmacy,Rep C,195,46,8970
2024-06-30,Italy,Antibiotic,Hospital,Rep E,63,80,5040
2024-09-30,Spain,Supplements,Pharmacy,Rep D,51,42,2142
2024-01-31,Germany,Painkiller,Pharmacy,Rep B,294,40,11760
2024-01-31,Spain,Vaccine,Pharmacy,Rep A,147,134,19698
2024-08-31,Poland,Painkiller,Hospital,Rep A,196,21,4116
2024-03-31,Italy,Supplements,Pharmacy,Rep C,213,20,4260
2024-05-31,Italy,Insulin,Hospital,Rep D,51,97,4947
2024-01-31,France,Insulin,Hospital,Rep A,297,81,24057
2024-05-31,Spain,Supplements,Pharmacy,Rep C,35,41,1435
2024-11-30,France,Antibiotic,Pharmacy,Rep E,65,66,4290
2024-06-30,Italy,Antibiotic,Pharmacy,Rep C,262,95,24890
2024-08-31,Spain,Insulin,Pharmacy,Rep C,131,28,3668
2024-03-31,Spain,Insulin,Hospital,Rep C,115,125,14375
2024-03-31,Poland,Supplements,Pharmacy,Rep B,139,23,3197
2024-12-31,Poland,Antibiotic,Hospital,Rep C,167,42,7014
2024-11-30,Germany,Insulin,Hospital,Rep C,240,19,4560
2024-11-30,Poland,Antibiotic,Hospital,Rep B,100,89,8900
2024-10-31,Spain,Insulin,Hospital,Rep B,31,73,2263
2024-09-30,Poland,Painkiller,Hospital,Rep E,299,77,23023
2024-04-30,Germany,Vaccine,Pharmacy,Rep D,119,101,12019
2024-04-30,Italy,Painkiller,Hospital,Rep A,58,134,7772
2024-12-31,Poland,Insulin,Hospital,Rep A,138,89,12282
2024-07-31,Spain,Vaccine,Pharmacy,Rep C,82,68,5576
2024-02-29,Italy,Vaccine,Pharmacy,Rep E,62,106,6572
2024-08-31,Spain,Insulin,Hospital,Rep C,177,28,4956
2024-06-30,Italy,Insulin,Hospital,Rep A,54,31,1674
2024-03-31,Spain,Antibiotic,Pharmacy,Rep B,114,18,2052
2024-09-30,Poland,Insulin,Hospital,Rep D,159,18,2862
2024-05-31,Poland,Supplements,Pharmacy,Rep E,155,36,5580
2024-08-31,Germany,Insulin,Pharmacy,Rep B,213,26,5538
2024-07-31,Italy,Supplements,Hospital,Rep D,176,54,9504
2024-08-31,Germany,Insulin,Pharmacy,Rep E,210,17,3570
2024-07-31,France,Antibiotic,Hospital,Rep E,143,134,19162
2024-03-31,Poland,Supplements,Hospital,Rep A,220,132,29040
2024-02-29,Italy,Painkiller,Hospital,Rep B,57,42,2394
2024-07-31,Germany,Supplements,Pharmacy,Rep E,135,10,1350
2024-03-31,Germany,Antibiotic,Hospital,Rep E,248,15,3720
2024-03-31,France,Supplements,Pharmacy,Rep D,16,50,800
2024-02-29,Germany,Insulin,Hospital,Rep A,281,14,3934
2024-04-30,Spain,Insulin,Hospital,Rep C,46,89,4094
2024-08-31,Poland,Antibiotic,Pharmacy,Rep A,220,27,5940
2024-12-31,Germany,Vaccine,Hospital,Rep C,174,91,15834
2024-01-31,Germany,Insulin,Hospital,Rep B,134,74,9916
2024-01-31,France,Painkiller,Pharmacy,Rep B,201,92,18492
2024-12-31,Spain,Antibiotic,Pharmacy,Rep E,227,145,32915
2024-05-31,Germany,Supplements,Pharmacy,Rep B,223,140,31220
2024-11-30,Poland,Supplements,Hospital,Rep E,71,34,2414
2024-05-31,Poland,Painkiller,Pharmacy,Rep A,170,78,13260
2024-11-30,Germany,Insulin,Pharmacy,Rep B,75,91,6825
2024-12-31,Spain,Antibiotic,Hospital,Rep A,295,126,37170
2024-01-31,Poland,Painkiller,Pharmacy,Rep A,248,104,25792
2024-06-30,Poland,Insulin,Hospital,Rep B,29,42,1218
2024-01-31,Spain,Antibiotic,Hospital,Rep A,197,120,23640
2024-05-31,Spain,Supplements,Pharmacy,Rep B,91,134,12194
2024-09-30,Germany,Antibiotic,Hospital,Rep B,211,25,5275
2024-12-31,Italy,Vaccine,Pharmacy,Rep B,141,89,12549
2024-05-31,France,Antibiotic,Pharmacy,Rep C,46,47,2162
2024-06-30,Italy,Vaccine,Pharmacy,Rep A,141,144,20304
2024-08-31,Italy,Antibiotic,Pharmacy,Rep D,86,87,7482
2024-11-30,Poland,Vaccine,Hospital,Rep B,98,72,7056
2024-01-31,Spain,Supplements,Hospital,Rep A,262,121,31702
2024-02-29,Poland,Insulin,Pharmacy,Rep E,203,98,19894
2024-09-30,France,Vaccine,Pharmacy,Rep B,185,47,8695
2024-03-31,Germany,Vaccine,Hospital,Rep B,42,61,2562
2024-06-30,France,Supplements,Pharmacy,Rep D,67,38,2546
2024-05-31,Poland,Vaccine,Hospital,Rep C,210,85,17850
2024-11-30,Poland,Painkiller,Pharmacy,Rep C,37,73,2701
2024-02-29,Poland,Supplements,Hospital,Rep B,44,100,4400
2024-07-31,Poland,Painkiller,Hospital,Rep A,134,98,13132
2024-04-30,Italy,Supplements,Hospital,Rep E,51,22,1122
2024-01-31,Germany,Vaccine,Pharmacy,Rep E,94,81,7614
2024-04-30,Italy,Painkiller,Pharmacy,Rep A,197,14,2758
2024-06-30,Poland,Vaccine,Pharmacy,Rep B,120,21,2520
2024-07-31,Spain,Supplements,Pharmacy,Rep E,280,12,3360
2024-07-31,Italy,Vaccine,Pharmacy,Rep C,114,42,4788
2024-07-31,Poland,Painkiller,Hospital,Rep A,50,130,6500
2024-03-31,Poland,Painkiller,Hospital,Rep D,224,59,13216
2024-06-30,Germany,Vaccine,Hospital,Rep B,80,146,11680
2024-08-31,France,Antibiotic,Hospital,Rep A,65,38,2470
2024-04-30,Italy,Supplements,Hospital,Rep E,245,48,11760
2024-08-31,Italy,Supplements,Hospital,Rep B,290,100,29000
2024-02-29,Italy,Vaccine,Hospital,Rep C,114,109,12426
2024-10-31,Poland,Antibiotic,Pharmacy,Rep B,171,26,4446
2024-09-30,Germany,Painkiller,Hospital,Rep B,200,65,13000
2024-09-30,Poland,Insulin,Pharmacy,Rep C,18,55,990
2024-08-31,Poland,Insulin,Hospital,Rep C,69,76,5244
2024-10-31,Spain,Vaccine,Hospital,Rep B,234,76,17784
2024-10-31,Germany,Antibiotic,Pharmacy,Rep C,197,32,6304
2024-01-31,Italy,Antibiotic,Hospital,Rep A,79,103,8137
2024-02-29,France,Supplements,Pharmacy,Rep C,296,63,18648
2024-06-30,Italy,Painkiller,Hospital,Rep C,178,147,26166
2024-10-31,Poland,Antibiotic,Pharmacy,Rep B,71,86,6106
2024-05-31,Germany,Insulin,Hospital,Rep A,23,25,575
2024-12-31,Germany,Painkiller,Pharmacy,Rep D,173,50,8650
2024-09-30,Germany,Painkiller,Pharmacy,Rep D,254,107,27178
2024-05-31,Spain,Vaccine,Hospital,Rep E,17,137,2329
2024-02-29,Italy,Antibiotic,Hospital,Rep C,163,70,11410
2024-10-31,Spain,Vaccine,Pharmacy,Rep C,45,95,4275
2024-04-30,France,Antibiotic,Hospital,Rep A,57,127,7239
2024-09-30,Poland,Supplements,Pharmacy,Rep D,94,109,10246
2024-01-31,Spain,Vaccine,Hospital,Rep E,37,58,2146
2024-11-30,Spain,Vaccine,Pharmacy,Rep A,205,11,2255
2024-01-31,Poland,Insulin,Hospital,Rep C,217,129,27993
2024-12-31,Germany,Vaccine,Pharmacy,Rep D,213,132,28116
2024-07-31,Poland,Antibiotic,Hospital,Rep E,113,95,10735
2024-11-30,Italy,Insulin,Pharmacy,Rep B,239,86,20554
2024-03-31,Poland,Vaccine,Pharmacy,Rep D,110,145,15950
2024-10-31,Germany,Vaccine,Hospital,Rep E,38,68,2584
2024-02-29,Poland,Supplements,Hospital,Rep A,136,21,2856
2024-09-30,Spain,Vaccine,Pharmacy,Rep B,19,13,247
2024-03-31,France,Painkiller,Pharmacy,Rep E,115,126,14490
2024-02-29,Spain,Insulin,Pharmacy,Rep E,176,104,18304
2024-12-31,France,Painkiller,Pharmacy,Rep C,266,134,35644
2024-08-31,Poland,Insulin,Hospital,Rep D,286,50,14300
2024-10-31,Italy,Supplements,Pharmacy,Rep C,74,132,9768
2024-06-30,Poland,Vaccine,Pharmacy,Rep B,280,16,4480
2024-06-30,Germany,Vaccine,Pharmacy,Rep E,197,78,15366
2024-10-31,Poland,Vaccine,Hospital,Rep C,147,78,11466
2024-11-30,France,Insulin,Pharmacy,Rep D,114,90,10260
2024-07-31,Spain,Vaccine,Hospital,Rep B,43,39,1677
2024-07-31,Italy,Painkiller,Hospital,Rep A,119,82,9758
2024-11-30,Poland,Vaccine,Hospital,Rep C,42,15,630
2024-06-30,Poland,Supplements,Hospital,Rep B,240,98,23520
2024-04-30,Spain,Painkiller,Hospital,Rep A,275,75,20625
2024-11-30,Italy,Vaccine,Hospital,Rep C,191,19,3629
2024-09-30,Poland,Vaccine,Hospital,Rep B,74,46,3404
2024-06-30,Poland,Antibiotic,Pharmacy,Rep B,10,86,860
2024-04-30,France,Insulin,Pharmacy,Rep C,142,86,12212
2024-12-31,France,Painkiller,Hospital,Rep B,89,41,3649
2024-03-31,Germany,Antibiotic,Pharmacy,Rep E,280,56,15680
2024-04-30,Spain,Supplements,Pharmacy,Rep C,250,119,29750
2024-03-31,Italy,Insulin,Hospital,Rep B,37,129,4773
2024-02-29,Poland,Painkiller,Pharmacy,Rep A,232,19,4408
2024-05-31,Poland,Vaccine,Hospital,Rep A,32,106,3392
2024-02-29,Germany,Painkiller,Pharmacy,Rep E,118,14,1652
2024-06-30,Poland,Vaccine,Hospital,Rep C,116,86,9976
2024-03-31,Spain,Insulin,Hospital,Rep B,154,10,1540
2024-06-30,Germany,Vaccine,Pharmacy,Rep B,148,140,20720
2024-11-30,Spain,Supplements,Pharmacy,Rep A,293,76,22268
2024-10-31,Germany,Vaccine,Hospital,Rep E,108,24,2592
2024-09-30,Poland,Supplements,Hospital,Rep A,132,102,13464
2024-01-31,Germany,Insulin,Hospital,Rep A,296,39,11544
2024-06-30,France,Insulin,Pharmacy,Rep E,90,112,10080
2024-09-30,Italy,Painkiller,Pharmacy,Rep C,19,91,1729
2024-11-30,Poland,Supplements,Pharmacy,Rep B,17,84,1428
2024-04-30,Italy,Supplements,Pharmacy,Rep C,214,69,14766
2024-11-30,Poland,Antibiotic,Hospital,Rep D,206,49,10094
2024-12-31,Italy,Antibiotic,Hospital,Rep D,207,83,17181
2024-02-29,France,Antibiotic,Hospital,Rep D,39,130,5070
2024-04-30,Italy,Vaccine,Hospital,Rep E,29,12,348
2024-01-31,Germany,Antibiotic,Pharmacy,Rep A,57,45,2565
2024-03-31,Italy,Supplements,Hospital,Rep C,139,52,7228
2024-10-31,Poland,Vaccine,Hospital,Rep B,141,124,17484
2024-09-30,Spain,Insulin,Pharmacy,Rep D,63,118,7434
2024-10-31,Italy,Painkiller,Pharmacy,Rep C,290,99,28710
2024-05-31,Italy,Antibiotic,Hospital,Rep D,274,93,25482
2024-11-30,Italy,Insulin,Pharmacy,Rep D,224,86,19264
2024-06-30,Poland,Supplements,Hospital,Rep B,299,14,4186
2024-03-31,Italy,Painkiller,Pharmacy,Rep E,52,87,4524
2024-05-31,Poland,Insulin,Pharmacy,Rep A,83,100,8300
2024-11-30,Poland,Painkiller,Hospital,Rep E,287,96,27552
2024-08-31,Spain,Antibiotic,Pharmacy,Rep C,251,23,5773
2024-06-30,Germany,Supplements,Hospital,Rep E,139,113,15707
2024-04-30,Poland,Painkiller,Pharmacy,Rep C,203,92,18676
2024-02-29,France,Insulin,Pharmacy,Rep C,41,63,2583
2024-09-30,Italy,Antibiotic,Pharmacy,Rep A,115,141,16215
2024-12-31,France,Antibiotic,Pharmacy,Rep B,213,104,22152
2024-01-31,Italy,Insulin,Pharmacy,Rep A,10,18,180
2024-01-31,Spain,Insulin,Hospital,Rep E,254,62,15748
2024-04-30,Poland,Painkiller,Pharmacy,Rep C,81,86,6966
2024-07-31,Germany,Vaccine,Hospital,Rep D,24,69,1656
2024-01-31,Poland,Antibiotic,Pharmacy,Rep D,62,55,3410
2024-09-30,Italy,Painkiller,Hospital,Rep C,17,63,1071
2024-04-30,Germany,Insulin,Pharmacy,Rep A,55,83,4565
2024-03-31,Poland,Painkiller,Hospital,Rep B,123,121,14883
2024-01-31,Germany,Insulin,Hospital,Rep A,156,104,16224
2024-10-31,Italy,Supplements,Pharmacy,Rep C,175,32,5600
2024-04-30,Spain,Insulin,Pharmacy,Rep C,148,36,5328
2024-09-30,Spain,Insulin,Pharmacy,Rep B,126,79,9954
2024-10-31,Poland,Insulin,Hospital,Rep E,285,118,33630
2024-06-30,France,Vaccine,Hospital,Rep E,286,86,24596
2024-06-30,Italy,Insulin,Pharmacy,Rep B,187,59,11033
2024-01-31,Poland,Antibiotic,Pharmacy,Rep E,163,133,21679
2024-10-31,Poland,Antibiotic,Hospital,Rep D,210,28,5880
2024-02-29,Spain,Painkiller,Hospital,Rep E,124,10,1240
2024-11-30,Germany,Vaccine,Pharmacy,Rep E,168,49,8232
2024-06-30,Italy,Painkiller,Hospital,Rep E,51,31,1581
2024-02-29,Germany,Antibiotic,Pharmacy,Rep D,256,121,30976
2024-03-31,Italy,Antibiotic,Pharmacy,Rep E,77,49,3773
2024-04-30,France,Supplements,Pharmacy,Rep D,205,47,9635
2024-11-30,Spain,Insulin,Hospital,Rep B,99,57,5643
2024-05-31,France,Antibiotic,Hospital,Rep A,120,84,10080
2024-09-30,Poland,Painkiller,Hospital,Rep B,154,116,17864
2024-12-31,Spain,Painkiller,Hospital,Rep A,284,17,4828
2024-04-30,Poland,Insulin,Pharmacy,Rep B,188,95,17860
2024-11-30,France,Insulin,Hospital,Rep A,250,77,19250
2024-09-30,Italy,Supplements,Pharmacy,Rep A,162,84,13608
2024-11-30,Poland,Vaccine,Pharmacy,Rep C,113,146,16498
2024-10-31,Germany,Painkiller,Pharmacy,Rep A,84,99,8316
2024-03-31,Italy,Insulin,Hospital,Rep A,137,139,19043
2024-08-31,Italy,Painkiller,Pharmacy,Rep C,208,89,18512
2024-12-31,France,Insulin,Pharmacy,Rep E,163,104,16952
2024-01-31,France,Antibiotic,Hospital,Rep E,65,79,5135
2024-11-30,Spain,Painkiller,Pharmacy,Rep C,287,99,28413
2024-09-30,Spain,Antibiotic,Hospital,Rep D,28,68,1904
2024-09-30,Germany,Painkiller,Hospital,Rep A,168,37,6216
2024-10-31,Italy,Vaccine,Hospital,Rep A,35,81,2835
2024-02-29,Germany,Supplements,Pharmacy,Rep C,178,23,4094
2024-04-30,Germany,Antibiotic,Hospital,Rep C,32,33,1056
2024-08-31,France,Insulin,Hospital,Rep D,56,121,6776
2024-07-31,Germany,Vaccine,Hospital,Rep E,22,53,1166
2024-01-31,Germany,Painkiller,Hospital,Rep B,226,65,14690
2024-05-31,Poland,Antibiotic,Pharmacy,Rep E,203,129,26187
2024-07-31,Spain,Painkiller,Hospital,Rep A,153,41,6273
2024-04-30,Spain,Painkiller,Pharmacy,Rep C,82,34,2788
2024-01-31,Italy,Painkiller,Hospital,Rep D,165,125,20625
2024-09-30,Spain,Supplements,Pharmacy,Rep E,86,75,6450
2024-05-31,Italy,Supplements,Hospital,Rep D,178,51,9078
2024-11-30,Poland,Insulin,Pharmacy,Rep E,296,85,25160
2024-02-29,Spain,Antibiotic,Hospital,Rep A,94,146,13724
2024-08-31,Poland,Vaccine,Pharmacy,Rep B,191,47,8977
2024-11-30,Spain,Vaccine,Pharmacy,Rep D,121,70,8470
2024-02-29,Spain,Vaccine,Pharmacy,Rep D,239,98,23422
2024-03-31,Poland,Painkiller,Hospital,Rep B,105,27,2835
2024-10-31,Germany,Supplements,Pharmacy,Rep D,177,79,13983
2024-01-31,Germany,Antibiotic,Pharmacy,Rep D,165,91,15015
2024-11-30,Germany,Painkiller,Pharmacy,Rep E,114,125,14250
2024-02-29,Germany,Supplements,Pharmacy,Rep E,202,89,17978
2024-07-31,Spain,Supplements,Hospital,Rep B,141,24,3384
2024-10-31,France,Antibiotic,Pharmacy,Rep A,147,22,3234
2024-02-29,Poland,Antibiotic,Pharmacy,Rep D,279,128,35712
2024-06-30,France,Antibiotic,Pharmacy,Rep A,47,52,2444
2024-03-31,France,Painkiller,Hospital,Rep B,54,66,3564
2024-04-30,Italy,Insulin,Pharmacy,Rep B,172,26,4472
2024-11-30,Germany,Antibiotic,Pharmacy,Rep E,262,41,10742
2024-08-31,Spain,Insulin,Pharmacy,Rep D,178,64,11392
2024-03-31,Germany,Painkiller,Pharmacy,Rep C,294,22,6468
2024-10-31,Germany,Insulin,Hospital,Rep B,283,56,15848
2024-06-30,France,Vaccine,Pharmacy,Rep D,29,96,2784
2024-01-31,Italy,Insulin,Pharmacy,Rep A,248,71,17608
2024-07-31,Germany,Antibiotic,Hospital,Rep E,279,38,10602
2024-08-31,Poland,Painkiller,Hospital,Rep A,40,31,1240
2024-11-30,Poland,Antibiotic,Hospital,Rep B,113,74,8362
2024-08-31,Germany,Vaccine,Pharmacy,Rep B,179,38,6802
2024-03-31,France,Antibiotic,Hospital,Rep A,195,57,11115
2024-10-31,France,Antibiotic,Pharmacy,Rep B,137,14,1918
2024-01-31,Spain,Antibiotic,Hospital,Rep D,219,110,24090
2024-09-30,Italy,Supplements,Pharmacy,Rep B,290,80,23200
2024-06-30,France,Vaccine,Hospital,Rep E,262,147,38514
2024-11-30,Spain,Antibiotic,Pharmacy,Rep D,28,75,2100
2024-09-30,Poland,Antibiotic,Hospital,Rep C,209,81,16929
2024-07-31,Poland,Antibiotic,Pharmacy,Rep B,229,34,7786
2024-01-31,Poland,Painkiller,Pharmacy,Rep B,145,69,10005
2024-12-31,Germany,Supplements,Pharmacy,Rep E,232,49,11368
2024-12-31,Italy,Painkiller,Pharmacy,Rep E,12,16,192
2024-01-31,Spain,Supplements,Pharmacy,Rep A,245,55,13475
2024-06-30,Italy,Antibiotic,Pharmacy,Rep A,237,95,22515
2024-05-31,Germany,Vaccine,Pharmacy,Rep A,151,30,4530
2024-09-30,Spain,Insulin,Pharmacy,Rep E,18,10,180
2024-02-29,Spain,Insulin,Hospital,Rep A,199,132,26268
2024-08-31,France,Antibiotic,Pharmacy,Rep A,174,134,23316
2024-11-30,Italy,Painkiller,Pharmacy,Rep C,148,42,6216
2024-05-31,Italy,Vaccine,Hospital,Rep A,285,13,3705
2024-02-29,France,Supplements,Pharmacy,Rep B,62,12,744
2024-10-31,Poland,Antibiotic,Hospital,Rep E,184,100,18400
2024-11-30,Germany,Vaccine,Pharmacy,Rep D,119,61,7259
2024-11-30,Italy,Vaccine,Hospital,Rep C,212,37,7844
2024-12-31,France,Supplements,Hospital,Rep E,145,79,11455
2024-06-30,Spain,Vaccine,Pharmacy,Rep E,13,66,858
2024-10-31,France,Painkiller,Hospital,Rep B,164,117,19188
2024-08-31,Poland,Painkiller,Pharmacy,Rep A,181,33,5973
2024-04-30,Germany,Painkiller,Pharmacy,Rep B,56,86,4816
2024-02-29,Poland,Vaccine,Pharmacy,Rep A,103,85,8755
2024-12-31,Spain,Painkiller,Pharmacy,Rep A,57,78,4446
2024-11-30,Spain,Supplements,Hospital,Rep E,249,110,27390
2024-05-31,Spain,Vaccine,Pharmacy,Rep A,222,101,22422
2024-12-31,Spain,Insulin,Hospital,Rep C,148,101,14948
2024-02-29,France,Vaccine,Hospital,Rep C,214,39,8346
2024-02-29,Spain,Supplements,Pharmacy,Rep C,82,27,2214
2024-06-30,Spain,Insulin,Pharmacy,Rep E,13,53,689
2024-11-30,France,Vaccine,Pharmacy,Rep B,85,108,9180
2024-10-31,Spain,Painkiller,Pharmacy,Rep D,86,130,11180
2024-09-30,Poland,Antibiotic,Hospital,Rep A,265,124,32860
2024-04-30,Poland,Antibiotic,Pharmacy,Rep D,111,69,7659
2024-06-30,Italy,Painkiller,Hospital,Rep B,115,65,7475
2024-07-31,Poland,Antibiotic,Pharmacy,Rep B,48,40,1920
2024-11-30,Germany,Antibiotic,Pharmacy,Rep E,284,110,31240
2024-06-30,Germany,Painkiller,Pharmacy,Rep C,97,68,6596
2024-08-31,Germany,Painkiller,Pharmacy,Rep C,220,133,29260
2024-04-30,France,Vaccine,Hospital,Rep B,86,139,11954
2024-12-31,Poland,Vaccine,Hospital,Rep E,86,106,9116
2024-01-31,Germany,Painkiller,Pharmacy,Rep E,37,116,4292
2024-07-31,Italy,Supplements,Hospital,Rep A,254,27,6858
2024-03-31,France,Antibiotic,Hospital,Rep C,75,80,6000
2024-06-30,Italy,Vaccine,Pharmacy,Rep B,275,115,31625
2024-02-29,Poland,Antibiotic,Pharmacy,Rep D,214,63,13482
2024-09-30,Spain,Insulin,Hospital,Rep C,67,103,6901
2024-01-31,Italy,Painkiller,Hospital,Rep A,210,85,17850
2024-06-30,Spain,Supplements,Hospital,Rep E,234,44,10296
2024-06-30,France,Insulin,Hospital,Rep B,151,20,3020
2024-05-31,Italy,Insulin,Pharmacy,Rep C,93,70,6510
2024-05-31,Italy,Insulin,Pharmacy,Rep D,152,53,8056
2024-01-31,France,Painkiller,Hospital,Rep A,42,130,5460
2024-10-31,France,Vaccine,Pharmacy,Rep A,161,77,12397
2024-12-31,Germany,Painkiller,Hospital,Rep C,167,34,5678
2024-05-31,Poland,Vaccine,Hospital,Rep D,150,93,13950
2024-02-29,Italy,Insulin,Pharmacy,Rep A,260,123,31980
2024-07-31,Italy,Insulin,Hospital,Rep B,121,141,17061
2024-03-31,France,Supplements,Hospital,Rep A,153,10,1530
2024-04-30,France,Vaccine,Pharmacy,Rep D,218,140,30520
2024-03-31,Poland,Insulin,Pharmacy,Rep E,233,95,22135
2024-03-31,France,Antibiotic,Hospital,Rep E,52,71,3692
2024-04-30,Spain,Supplements,Hospital,Rep C,273,73,19929
2024-05-31,Spain,Painkiller,Pharmacy,Rep D,253,135,34155
2024-01-31,Spain,Supplements,Hospital,Rep A,12,114,1368
2024-04-30,Spain,Antibiotic,Hospital,Rep A,134,71,9514
2024-12-31,Poland,Vaccine,Pharmacy,Rep E,277,44,12188
2024-12-31,Italy,Painkiller,Pharmacy,Rep E,93,22,2046
2024-11-30,Spain,Painkiller,Pharmacy,Rep B,25,52,1300
2024-08-31,France,Vaccine,Pharmacy,Rep E,68,139,9452
2024-10-31,Spain,Supplements,Pharmacy,Rep B,186,120,22320
2024-07-31,Poland,Insulin,Pharmacy,Rep A,72,137,9864
2024-09-30,France,Supplements,Hospital,Rep B,58,60,3480
2024-05-31,Spain,Antibiotic,Hospital,Rep B,255,144,36720
2024-10-31,Italy,Insulin,Pharmacy,Rep C,298,54,16092
2024-04-30,France,Supplements,Pharmacy,Rep E,295,51,15045
2024-08-31,France,Vaccine,Hospital,Rep B,24,144,3456
2024-09-30,Italy,Antibiotic,Hospital,Rep A,264,24,6336
2024-07-31,France,Antibiotic,Hospital,Rep D,101,69,6969
2024-07-31,Spain,Antibiotic,Pharmacy,Rep B,288,49,14112
2024-05-31,France,Insulin,Pharmacy,Rep E,215,121,26015
2024-04-30,Spain,Painkiller,Hospital,Rep C,103,86,8858
2024-10-31,Italy,Insulin,Pharmacy,Rep A,234,114,26676
2024-01-31,Germany,Supplements,Pharmacy,Rep C,208,116,24128
2024-10-31,Italy,Painkiller,Pharmacy,Rep D,280,131,36680
2024-10-31,Spain,Supplements,Hospital,Rep B,243,89,21627
2024-07-31,Poland,Painkiller,Hospital,Rep B,55,134,7370
2024-01-31,Italy,Insulin,Pharmacy,Rep E,73,143,10439
2024-01-31,Poland,Antibiotic,Pharmacy,Rep B,239,41,9799
2024-05-31,Poland,Vaccine,Pharmacy,Rep A,258,117,30186
2024-09-30,Spain,Antibiotic,Pharmacy,Rep D,255,123,31365
2024-06-30,Spain,Insulin,Pharmacy,Rep C,84,77,6468
2024-03-31,Germany,Painkiller,Hospital,Rep D,166,136,22576
2024-03-31,France,Antibiotic,Pharmacy,Rep B,232,144,33408
2024-07-31,Italy,Insulin,Pharmacy,Rep C,199,123,24477
2024-06-30,Spain,Supplements,Pharmacy,Rep E,61,17,1037
2024-09-30,Italy,Vaccine,Hospital,Rep D,97,73,7081
2024-06-30,Poland,Antibiotic,Hospital,Rep C,75,144,10800
2024-05-31,France,Painkiller,Pharmacy,Rep C,159,50,7950
2024-10-31,Germany,Supplements,Hospital,Rep C,29,49,1421
2024-07-31,Italy,Insulin,Hospital,Rep A,42,12,504
2024-01-31,France,Vaccine,Hospital,Rep D,290,119,34510
2024-12-31,Germany,Painkiller,Hospital,Rep C,55,123,6765
2024-07-31,Italy,Insulin,Hospital,Rep D,82,121,9922
2024-03-31,France,Insulin,Hospital,Rep C,142,13,1846
2024-09-30,Spain,Antibiotic,Pharmacy,Rep E,64,143,9152
2024-06-30,Italy,Antibiotic,Hospital,Rep E,70,35,2450
2024-09-30,France,Painkiller,Hospital,Rep E,17,148,2516
2024-05-31,Germany,Insulin,Pharmacy,Rep B,281,26,7306
2024-07-31,France,Antibiotic,Pharmacy,Rep C,255,101,25755
2024-04-30,Spain,Vaccine,Pharmacy,Rep B,185,40,7400
2024-07-31,Italy,Vaccine,Pharmacy,Rep D,125,116,14500
2024-01-31,Italy,Insulin,Hospital,Rep B,280,120,33600
2024-07-31,Italy,Antibiotic,Hospital,Rep D,202,110,22220
2024-08-31,Spain,Painkiller,Hospital,Rep D,159,121,19239
2024-05-31,Germany,Painkiller,Hospital,Rep D,140,71,9940
2024-02-29,Italy,Painkiller,Pharmacy,Rep B,111,121,13431
2024-05-31,Germany,Vaccine,Hospital,Rep C,279,125,34875
2024-06-30,France,Antibiotic,Hospital,Rep B,219,44,9636
2024-12-31,Germany,Antibiotic,Pharmacy,Rep C,76,37,2812
2024-02-29,Germany,Vaccine,Hospital,Rep C,19,112,2128
2024-06-30,Italy,Painkiller,Hospital,Rep D,58,134,7772
2024-06-30,Poland,Painkiller,Hospital,Rep B,120,111,13320
2024-01-31,Poland,Insulin,Hospital,Rep C,228,146,33288
2024-01-31,Spain,Supplements,Pharmacy,Rep E,66,30,1980
2024-11-30,Spain,Antibiotic,Pharmacy,Rep C,292,61,17812
2024-10-31,Poland,Antibiotic,Pharmacy,Rep E,122,106,12932
2024-03-31,France,Antibiotic,Pharmacy,Rep B,142,60,8520
2024-10-31,Italy,Supplements,Pharmacy,Rep B,80,92,7360
2024-10-31,Italy,Insulin,Hospital,Rep B,92,64,5888
2024-12-31,France,Supplements,Hospital,Rep C,66,86,5676
2024-03-31,France,Painkiller,Pharmacy,Rep A,280,136,38080
2024-04-30,Poland,Painkiller,Pharmacy,Rep C,120,102,12240
2024-02-29,Spain,Antibiotic,Pharmacy,Rep C,85,97,8245
2024-09-30,France,Vaccine,Hospital,Rep D,167,89,14863
2024-10-31,Spain,Antibiotic,Pharmacy,Rep D,29,101,2929
2024-12-31,Germany,Vaccine,Hospital,Rep C,140,56,7840
2024-11-30,Italy,Supplements,Hospital,Rep E,131,47,6157
2024-07-31,Poland,Painkiller,Hospital,Rep D,50,148,7400
2024-07-31,Italy,Vaccine,Hospital,Rep C,176,24,4224
2024-06-30,Poland,Supplements,Pharmacy,Rep A,139,10,1390
2024-03-31,Germany,Painkiller,Hospital,Rep E,32,144,4608
2024-06-30,Italy,Vaccine,Hospital,Rep B,288,10,2880
2024-12-31,Germany,Antibiotic,Pharmacy,Rep C,260,58,15080
2024-08-31,Poland,Antibiotic,Hospital,Rep C,18,105,1890
2024-08-31,France,Antibiotic,Hospital,Rep E,22,35,770
2024-11-30,Italy,Supplements,Hospital,Rep D,61,96,5856
2024-09-30,Germany,Antibiotic,Pharmacy,Rep D,218,102,22236
2024-01-31,Italy,Insulin,Hospital,Rep D,47,111,5217
2024-01-31,Italy,Painkiller,Hospital,Rep B,109,80,8720
2024-03-31,Italy,Supplements,Pharmacy,Rep E,202,149,30098
2024-03-31,Spain,Antibiotic,Pharmacy,Rep E,200,104,20800
2024-10-31,Germany,Painkiller,Hospital,Rep D,60,127,7620
2024-08-31,Germany,Vaccine,Hospital,Rep D,150,128,19200
2024-10-31,Italy,Antibiotic,Pharmacy,Rep A,177,60,10620
2024-01-31,France,Painkiller,Hospital,Rep A,118,90,10620
2024-02-29,Italy,Insulin,Pharmacy,Rep C,216,45,9720
2024-02-29,Spain,Vaccine,Hospital,Rep C,119,76,9044
2024-03-31,Poland,Insulin,Pharmacy,Rep E,205,138,28290
2024-06-30,Spain,Painkiller,Hospital,Rep E,161,123,19803
2024-01-31,France,Insulin,Pharmacy,Rep B,252,120,30240
2024-02-29,Italy,Painkiller,Pharmacy,Rep B,137,109,14933
2024-01-31,Germany,Painkiller,Pharmacy,Rep A,114,118,13452
2024-05-31,Italy,Insulin,Pharmacy,Rep C,19,129,2451
2024-07-31,France,Painkiller,Pharmacy,Rep A,157,88,13816
2024-08-31,Germany,Antibiotic,Hospital,Rep A,149,143,21307
2024-10-31,Spain,Painkiller,Hospital,Rep C,199,28,5572
2024-01-31,Poland,Supplements,Pharmacy,Rep B,103,136,14008
2024-07-31,Poland,Painkiller,Hospital,Rep C,238,38,9044
2024-05-31,Italy,Supplements,Hospital,Rep D,72,33,2376
2024-10-31,Spain,Painkiller,Hospital,Rep D,34,19,646
2024-01-31,France,Painkiller,Hospital,Rep D,277,114,31578
2024-03-31,Poland,Insulin,Hospital,Rep E,290,64,18560
2024-07-31,Spain,Antibiotic,Hospital,Rep B,20,11,220
2024-10-31,Italy,Antibiotic,Pharmacy,Rep B,210,144,30240
2024-01-31,Germany,Vaccine,Hospital,Rep E,135,120,16200
2024-07-31,Italy,Insulin,Hospital,Rep A,199,47,9353
2024-05-31,Italy,Insulin,Hospital,Rep D,98,140,13720
2024-01-31,Spain,Antibiotic,Pharmacy,Rep D,125,111,13875
2024-01-31,Poland,Insulin,Hospital,Rep A,186,104,19344
2024-01-31,Spain,Antibiotic,Hospital,Rep C,23,101,2323
2024-11-30,Germany,Insulin,Hospital,Rep C,266,80,21280
2024-09-30,Spain,Painkiller,Pharmacy,Rep B,218,33,7194
2024-11-30,France,Antibiotic,Hospital,Rep E,290,77,22330
2024-03-31,Italy,Antibiotic,Pharmacy,Rep B,114,137,15618
2024-05-31,Poland,Supplements,Hospital,Rep C,156,102,15912
2024-11-30,Germany,Insulin,Pharmacy,Rep A,288,53,15264
2024-10-31,Italy,Insulin,Pharmacy,Rep B,18,142,2556
2024-12-31,Spain,Antibiotic,Pharmacy,Rep D,127,64,8128
2024-09-30,France,Painkiller,Hospital,Rep D,103,38,3914
2024-06-30,Spain,Painkiller,Pharmacy,Rep A,153,46,7038
2024-12-31,Italy,Painkiller,Pharmacy,Rep C,298,124,36952
2024-09-30,Germany,Insulin,Pharmacy,Rep D,23,12,276
2024-08-31,Poland,Supplements,Pharmacy,Rep D,266,131,34846
2024-08-31,Italy,Antibiotic,Hospital,Rep E,195,52,10140
2024-01-31,Germany,Vaccine,Hospital,Rep B,216,16,3456
2024-09-30,Italy,Supplements,Hospital,Rep C,181,134,24254
2024-06-30,France,Vaccine,Hospital,Rep B,279,58,16182
2024-09-30,Spain,Supplements,Pharmacy,Rep C,230,130,29900
2024-03-31,Poland,Painkiller,Hospital,Rep D,161,82,13202
2024-12-31,Germany,Insulin,Pharmacy,Rep E,120,50,6000
2024-03-31,Poland,Vaccine,Hospital,Rep B,192,115,22080
2024-06-30,Poland,Supplements,Hospital,Rep D,81,86,6966
2024-09-30,Poland,Insulin,Hospital,Rep C,292,136,39712
2024-07-31,Germany,Vaccine,Pharmacy,Rep B,83,100,8300
2024-03-31,Germany,Antibiotic,Hospital,Rep B,224,17,3808
2024-03-31,Poland,Supplements,Hospital,Rep D,32,41,1312
2024-02-29,Spain,Antibiotic,Hospital,Rep B,77,73,5621
2024-09-30,Italy,Painkiller,Pharmacy,Rep E,102,147,14994
2024-03-31,Poland,Antibiotic,Hospital,Rep E,72,22,1584
2024-11-30,France,Antibiotic,Hospital,Rep D,233,102,23766
2024-05-31,Poland,Supplements,Pharmacy,Rep C,234,70,16380
2024-09-30,Germany,Painkiller,Pharmacy,Rep D,112,17,1904
2024-08-31,Italy,Antibiotic,Hospital,Rep E,224,38,8512
2024-02-29,France,Insulin,Hospital,Rep A,201,104,20904
2024-03-31,Italy,Vaccine,Hospital,Rep A,169,50,8450
2024-02-29,Italy,Antibiotic,Pharmacy,Rep B,216,20,4320
2024-08-31,France,Painkiller,Pharmacy,Rep B,278,11,3058
2024-06-30,Poland,Antibiotic,Pharmacy,Rep A,203,140,28420
2024-06-30,Poland,Vaccine,Hospital,Rep E,161,89,14329
2024-12-31,Poland,Painkiller,Pharmacy,Rep B,246,96,23616
2024-09-30,Spain,Supplements,Hospital,Rep D,97,115,11155
2024-08-31,Poland,Painkiller,Pharmacy,Rep D,20,148,2960
2024-04-30,France,Supplements,Pharmacy,Rep E,196,26,5096
2024-12-31,Spain,Painkiller,Pharmacy,Rep B,223,32,7136
2024-04-30,Poland,Vaccine,Hospital,Rep D,24,57,1368
2024-09-30,Spain,Vaccine,Hospital,Rep B,275,29,7975
2024-01-31,France,Painkiller,Hospital,Rep B,82,11,902
2024-02-29,Poland,Antibiotic,Hospital,Rep D,61,97,5917
2024-02-29,Germany,Vaccine,Pharmacy,Rep A,137,40,5480
2024-06-30,France,Supplements,Hospital,Rep D,37,139,5143
2024-04-30,Italy,Supplements,Pharmacy,Rep E,74,87,6438
2024-11-30,Italy,Insulin,Hospital,Rep C,26,13,338
2024-10-31,France,Supplements,Hospital,Rep D,147,137,20139
2024-03-31,Italy,Insulin,Pharmacy,Rep B,238,143,34034
2024-03-31,France,Painkiller,Pharmacy,Rep B,263,40,10520
2024-03-31,Germany,Painkiller,Hospital,Rep D,219,147,32193
2024-06-30,France,Painkiller,Hospital,Rep C,240,30,7200
2024-08-31,Poland,Antibiotic,Pharmacy,Rep D,250,32,8000
2024-11-30,Poland,Antibiotic,Pharmacy,Rep C,79,140,11060
2024-07-31,Spain,Insulin,Pharmacy,Rep C,113,38,4294
2024-04-30,Italy,Supplements,Pharmacy,Rep E,213,114,24282
